{
  "polygons" : "true",
  "field" : "heptagon",
  "symmetry" : "heptagonal antiprism corrected",
  "orientations" : [ [ 1.0, 0.0, 0.0, 0.0, 0.0, 1.0, 0.0, 0.0, 0.0, 0.0, 1.0, 0.0, 0.0, 0.0, 0.0, 1.0 ], [ 0.44504187, -0.80193776, 0.0, 0.0, 0.80193776, 0.80193776, 0.0, 0.0, 0.0, 0.0, 1.0, 0.0, 0.0, 0.0, 0.0, 1.0 ], [ -0.44504187, -1.0, 0.0, 0.0, 1.0, 0.0, 0.0, 0.0, 0.0, 0.0, 1.0, 0.0, 0.0, 0.0, 0.0, 1.0 ], [ -1.0, -0.44504187, 0.0, 0.0, 0.44504187, -0.80193776, 0.0, 0.0, 0.0, 0.0, 1.0, 0.0, 0.0, 0.0, 0.0, 1.0 ], [ -0.80193776, 0.44504187, 0.0, 0.0, -0.44504187, -1.0, 0.0, 0.0, 0.0, 0.0, 1.0, 0.0, 0.0, 0.0, 0.0, 1.0 ], [ 0.0, 1.0, 0.0, 0.0, -1.0, -0.44504187, 0.0, 0.0, 0.0, 0.0, 1.0, 0.0, 0.0, 0.0, 0.0, 1.0 ], [ 0.80193776, 0.80193776, 0.0, 0.0, -0.80193776, 0.44504187, 0.0, 0.0, 0.0, 0.0, 1.0, 0.0, 0.0, 0.0, 0.0, 1.0 ], [ 1.0, 0.44504187, 0.0, 0.0, 0.0, -1.0, 0.0, 0.0, 0.0, 0.0, -1.0, 0.0, 0.0, 0.0, 0.0, 1.0 ], [ 0.44504187, 1.0, 0.0, 0.0, 0.80193776, -0.44504187, 0.0, 0.0, 0.0, 0.0, -1.0, 0.0, 0.0, 0.0, 0.0, 1.0 ], [ -0.44504187, 0.80193776, 0.0, 0.0, 1.0, 0.44504187, 0.0, 0.0, 0.0, 0.0, -1.0, 0.0, 0.0, 0.0, 0.0, 1.0 ], [ -1.0, 0.0, 0.0, 0.0, 0.44504187, 1.0, 0.0, 0.0, 0.0, 0.0, -1.0, 0.0, 0.0, 0.0, 0.0, 1.0 ], [ -0.80193776, -0.80193776, 0.0, 0.0, -0.44504187, 0.80193776, 0.0, 0.0, 0.0, 0.0, -1.0, 0.0, 0.0, 0.0, 0.0, 1.0 ], [ 0.0, -1.0, 0.0, 0.0, -1.0, 0.0, 0.0, 0.0, 0.0, 0.0, -1.0, 0.0, 0.0, 0.0, 0.0, 1.0 ], [ 0.80193776, -0.44504187, 0.0, 0.0, -0.80193776, -0.80193776, 0.0, 0.0, 0.0, 0.0, -1.0, 0.0, 0.0, 0.0, 0.0, 1.0 ] ],
  "lights" : {
    "directionalLights" : [ {
      "direction" : [ 1.0, -1.0, -1.0 ],
      "color" : "#EBEBE4"
    }, {
      "direction" : [ -1.0, 0.0, 0.0 ],
      "color" : "#E4E4EB"
    }, {
      "direction" : [ 0.0, 0.0, -1.0 ],
      "color" : "#1E1E1E"
    } ],
    "backgroundColor" : "#AFC8DC",
    "ambientColor" : "#292929"
  },
  "camera" : {
    "width" : 48.92907,
    "position" : {
      "x" : 0.0,
      "y" : 0.0,
      "z" : 108.73127
    },
    "perspective" : true,
    "lookDirection" : {
      "x" : 0.0,
      "y" : 0.0,
      "z" : -1.0
    },
    "lookAtPoint" : {
      "x" : 0.0,
      "y" : 0.0,
      "z" : 0.0
    },
    "farClipDistance" : 217.46254,
    "upDirection" : {
      "x" : 0.0,
      "y" : 1.0,
      "z" : 0.0
    },
    "viewDistance" : 108.73127,
    "upDirectionRV" : {
      "x" : 0.0,
      "y" : 1.0,
      "z" : 0.0,
      "zero" : false
    },
    "lookAtPointRV" : {
      "x" : 0.0,
      "y" : 0.0,
      "z" : 0.0,
      "zero" : true
    },
    "lookDirectionRV" : {
      "x" : 0.0,
      "y" : 0.0,
      "z" : -1.0,
      "zero" : false
    },
    "fieldOfView" : 0.44262886,
    "stereo" : false,
    "nearClipDistance" : 0.27182817
  },
  "embedding" : [ 1.0, 0.22252093, 0.0, 0.0, 0.0, 0.9749279, 0.0, 0.0, 0.0, 0.0, 1.0, 0.0, 0.0, 0.0, 0.0, 1.0 ],
  "shapes" : [ {
    "id" : "7956f61f-eedb-45f8-aa3b-11dd7ea4d5a6",
    "name" : "ball",
    "vertices" : [ {
      "x" : -0.5549581,
      "y" : 0.0,
      "z" : 0.17091519
    }, {
      "x" : -0.5549581,
      "y" : 0.24697961,
      "z" : -0.17091519
    }, {
      "x" : -0.44504187,
      "y" : -0.24697961,
      "z" : -0.17091519
    }, {
      "x" : -0.44504187,
      "y" : 0.44504187,
      "z" : 0.17091519
    }, {
      "x" : -0.24697961,
      "y" : -0.44504187,
      "z" : 0.17091519
    }, {
      "x" : -0.24697961,
      "y" : 0.5549581,
      "z" : -0.17091519
    }, {
      "x" : 0.0,
      "y" : -0.5549581,
      "z" : -0.17091519
    }, {
      "x" : 0.0,
      "y" : 0.5549581,
      "z" : 0.17091519
    }, {
      "x" : 0.24697961,
      "y" : -0.5549581,
      "z" : 0.17091519
    }, {
      "x" : 0.24697961,
      "y" : 0.44504187,
      "z" : -0.17091519
    }, {
      "x" : 0.44504187,
      "y" : -0.44504187,
      "z" : -0.17091519
    }, {
      "x" : 0.44504187,
      "y" : 0.24697961,
      "z" : 0.17091519
    }, {
      "x" : 0.5549581,
      "y" : -0.24697961,
      "z" : 0.17091519
    }, {
      "x" : 0.5549581,
      "y" : 0.0,
      "z" : -0.17091519
    } ],
    "faces" : [ {
      "vertices" : [ 9, 11, 13 ]
    }, {
      "vertices" : [ 0, 1, 2 ]
    }, {
      "vertices" : [ 10, 13, 12 ]
    }, {
      "vertices" : [ 0, 3, 1 ]
    }, {
      "vertices" : [ 11, 12, 13 ]
    }, {
      "vertices" : [ 0, 2, 4 ]
    }, {
      "vertices" : [ 1, 3, 5 ]
    }, {
      "vertices" : [ 2, 6, 4 ]
    }, {
      "vertices" : [ 0, 4, 8, 12, 11, 7, 3 ]
    }, {
      "vertices" : [ 1, 5, 9, 13, 10, 6, 2 ]
    }, {
      "vertices" : [ 3, 7, 5 ]
    }, {
      "vertices" : [ 4, 6, 8 ]
    }, {
      "vertices" : [ 5, 7, 9 ]
    }, {
      "vertices" : [ 6, 10, 8 ]
    }, {
      "vertices" : [ 7, 11, 9 ]
    }, {
      "vertices" : [ 8, 10, 12 ]
    } ]
  }, {
    "id" : "578c7839-33a9-48b6-8726-a237cf4ddf20",
    "orbit" : "blue",
    "orbitC" : "[[0,0,0,1],[0,0,0,1]]",
    "length" : "[\"1\",\"0\",\"0\",\"1\"]",
    "name" : "short",
    "vertices" : [ {
      "x" : 0.44504187,
      "y" : 0.24697961,
      "z" : 0.17091519
    }, {
      "x" : 0.5549581,
      "y" : -0.24697961,
      "z" : 0.17091519
    }, {
      "x" : 0.5549581,
      "y" : 0.0,
      "z" : -0.17091519
    }, {
      "x" : 5.295897,
      "y" : 0.0,
      "z" : 0.17091519
    }, {
      "x" : 5.295897,
      "y" : 0.24697961,
      "z" : -0.17091519
    }, {
      "x" : 5.405813,
      "y" : -0.24697961,
      "z" : -0.17091519
    }, {
      "x" : 5.850855,
      "y" : 0.0,
      "z" : 0.0
    } ],
    "faces" : [ {
      "vertices" : [ 0, 2, 1 ]
    }, {
      "vertices" : [ 0, 1, 3 ]
    }, {
      "vertices" : [ 0, 4, 2 ]
    }, {
      "vertices" : [ 0, 3, 4 ]
    }, {
      "vertices" : [ 1, 2, 5 ]
    }, {
      "vertices" : [ 1, 5, 3 ]
    }, {
      "vertices" : [ 2, 4, 5 ]
    }, {
      "vertices" : [ 3, 5, 4 ]
    } ]
  }, {
    "id" : "cc3f58af-b4be-4a3b-9bcc-2566d1891753",
    "vertices" : [ {
      "x" : 0.0,
      "y" : 0.0,
      "z" : 0.0
    }, {
      "x" : -2.6038754,
      "y" : -4.6920214,
      "z" : 0.0
    }, {
      "x" : 0.0,
      "y" : -10.542876,
      "z" : 0.0
    }, {
      "x" : 5.850855,
      "y" : -13.146752,
      "z" : 0.0
    }, {
      "x" : 10.542876,
      "y" : -10.542876,
      "z" : 0.0
    }, {
      "x" : 10.542876,
      "y" : -4.6920214,
      "z" : 0.0
    }, {
      "x" : 5.850855,
      "y" : 0.0,
      "z" : 0.0
    } ],
    "faces" : [ {
      "vertices" : [ 0, 1, 2, 3, 4, 5, 6 ]
    }, {
      "vertices" : [ 0, 6, 5, 4, 3, 2, 1 ]
    } ]
  }, {
    "id" : "be3d259f-b982-407d-be8a-c220d5de59ca",
    "orbit" : "green",
    "orbitC" : "[[-2,0,1,1],[0,0,0,1]]",
    "length" : "[\"1\",\"-2\",\"3\",\"7\"]",
    "name" : " :1/7 -2/7*rho +3/7*sigma",
    "vertices" : [ {
      "x" : 0.5,
      "y" : 0.123489805,
      "z" : 0.0
    }, {
      "x" : 1.3019377,
      "y" : 0.5685317,
      "z" : -0.17091519
    }, {
      "x" : 1.3019377,
      "y" : 0.5685317,
      "z" : 0.17091519
    }, {
      "x" : 1.5,
      "y" : 0.123489805,
      "z" : -0.17091519
    }, {
      "x" : 1.5,
      "y" : 0.123489805,
      "z" : 0.17091519
    }, {
      "x" : 4.7309356,
      "y" : 1.4154241,
      "z" : -0.17091519
    }, {
      "x" : 4.7309356,
      "y" : 1.4154241,
      "z" : 0.17091519
    }, {
      "x" : 4.9289975,
      "y" : 0.9703823,
      "z" : -0.17091519
    }, {
      "x" : 4.9289975,
      "y" : 0.9703823,
      "z" : 0.17091519
    }, {
      "x" : 5.7309356,
      "y" : 1.4154241,
      "z" : 0.0
    }, {
      "x" : 6.2309356,
      "y" : 1.538914,
      "z" : 0.0
    } ],